<?xml version="1.0"?>
<FindBugsFilter>
    <Match>
        <Class name="com.ibm.mdm.schema.AnswerSetBObjType"/>
    </Match>
    <Match>
        <Class name="com.ibm.mdm.schema.ObjectFactory"/>
    </Match>
    <Match>
        <Bug pattern="SIC_INNER_SHOULD_BE_STATIC_ANON"/>
    </Match>
    <Match>
        <Class name="com.anz.mdm.ocv.api.downsteamservices.TokenServiceImpl"/>
        <Method name="hitOCVVaultService"/>
        <Bug pattern="SIC_INNER_SHOULD_BE_STATIC_ANON"/>
    </Match>
</FindBugsFilter>



