<?xml version='1.0' encoding='UTF-8'?>
<BugCollection version='3.0.1' threshold='low' effort='max'><file classname='com.anz.mdm.ocv.api.APIConfiguration'><BugInstance type='DLS_DEAD_LOCAL_STORE' priority='Normal' category='STYLE' message='Dead store to httpClient in com.anz.mdm.ocv.api.APIConfiguration.clientHttpRequestFactory(PoolingHttpClientConnectionManager)' lineNumber='217'/><BugInstance type='DLS_DEAD_LOCAL_STORE' priority='Normal' category='STYLE' message='Dead store to httpClient in com.anz.mdm.ocv.api.APIConfiguration.getApiRestTemplate(RestTemplateBuilder, PoolingHttpClientConnectionManager)' lineNumber='290'/></file><file classname='com.anz.mdm.ocv.api.model.RetrievedParty'><BugInstance type='NM_FIELD_NAMING_CONVENTION' priority='Low' category='BAD_PRACTICE' message='The field name com.anz.mdm.ocv.api.model.RetrievedParty.CapCisId doesn&apos;t start with a lower case letter' lineNumber='-1'/></file><Error></Error><Project><SrcDir>C:\Users\jix2\eclipse-workspace\tea\ocv-maintain-party-api\src\main\java</SrcDir><SrcDir>C:\Users\jix2\eclipse-workspace\tea\ocv-maintain-party-api\target\generated-sources\annotations</SrcDir><SrcDir>C:\Users\jix2\eclipse-workspace\tea\ocv-maintain-party-api\src\test\java</SrcDir></Project></BugCollection>